{
  "model_info": {
    "model_path": "../../result/trained_models/yolo11s_railway/weights/best.pt",
    "model_name": "best",
    "model_type": ".pt",
    "dataset": "./data/data.yaml",
    "classes": [
      "niaocao",
      "suliaodai",
      "piaofuwu",
      "qiqiu"
    ],
    "num_classes": 4,
    "device": "0",
    "timestamp": "20250910_212435"
  },
  "validation": {
    "mAP@0.5": 0.9476949136831287,
    "mAP@0.5:0.95": 0.8652190464099107,
    "precision": 0.9019792012093133,
    "recall": 0.9052091659302979,
    "validation_time": 109.50768184661865,
    "per_class": {
      "niaocao": {
        "mAP@0.5": 0.9810550968533904
      },
      "suliaodai": {
        "mAP@0.5": 0.7873913225311048
      },
      "piaofuwu": {
        "mAP@0.5": 0.9041251812395356
      },
      "qiqiu": {
        "mAP@0.5": 0.7883045850156113
      }
    }
  },
  "inference_speed": {
    "total_mean": 61.324095726013184,
    "total_std": 31.855858730179182,
    "total_min": 36.68379783630371,
    "total_max": 212.55159378051758,
    "fps_mean": 16.306803845389734,
    "fps_min": 4.704740069051694,
    "fps_max": 27.259991030982107,
    "successful_predictions": 30,
    "total_detections": 111,
    "avg_detections_per_image": 3.7
  },
  "resolution_benchmark": {
    "320x320": {
      "inference_time_ms": 28.46243381500244,
      "fps": 35.13402987600111
    },
    "416x416": {
      "inference_time_ms": 30.002546310424805,
      "fps": 33.330504339644534
    },
    "640x640": {
      "inference_time_ms": 38.58447074890137,
      "fps": 25.917162542095344
    }
  }
}